case,frame,event_score,contact_score,pre_strength,post_strength,causal_weight,causal_event_score
Cosmos3_seed101_0004,30,0.0038259149405002,5.971486128680746,0.8562896914237315,1.2347507651987693,0.3065080698404049,0.0011726738037862838
Cosmos3_seed101_0004,59,0.2136088335662172,50.168826957801535,0.56523378226878,0.7655931900490542,0.0,0.0
Cosmos3_seed101_0004,75,0.2136088335662172,50.06886852643202,0.7231453884147941,1.7953122411516402,0.5972035549922405,0.12756795478349076
Cosmos3_seed101_0004,111,0.0717200326330407,49.88912669543086,1.2325829829213826,4.702305719915522,0.737876893520329,0.0529205548824447
Cosmos3_seed101_0004,118,0.6551218700999727,50.419479086137095,3.944298504974563,41.68257206818128,0.9053729578270081,0.5931296252695732
Cosmos3_seed101_0004,123,0.2742752841191843,50.31534350548717,4.702305719915522,41.68257206818128,0.8871877265101626,0.243333665755628
Cosmos3_seed101_0004,135,2.517788850975641,52.34187333923214,41.68257206818128,50.9186792525093,0.18138937065758357,0.45670013512715196
Cosmos3_seed101_0004,146,4.37004719382625,53.08752168259577,50.9186792525093,45.255170401190746,0.0,0.0
Cosmos3_seed101_0004,147,1.80224209720974,50.40282413798143,50.9186792525093,45.255170401190746,0.0,0.0
Cosmos3_seed101_0004,159,9.44331704862626,52.36908617530275,45.255170401190746,22.07828186287531,0.0,0.0
Cosmos3_seed101_0006,30,0.0157816522475502,3.7988223366727913,0.47349680717040005,0.618080025934766,0.0,0.0
Cosmos3_seed101_0006,56,14.9862158756494,51.45042980520714,0.4310445309550915,0.6265675892361908,0.0,0.0
Cosmos3_seed101_0006,60,35.078548200844764,57.37188641288029,0.5034673951537716,0.5509167370747144,0.0,0.0
Cosmos3_seed101_0006,68,0.4521884485093702,49.87637085706952,0.6265675892361908,0.41099746082717487,0.0,0.0
Cosmos3_seed101_0006,80,0.1304805653420417,49.765282767764944,0.41099746082717487,0.4495399577433591,0.0,0.0
Cosmos3_seed101_0006,89,24.2382233844501,57.36179821948392,0.4495399577433591,5.941853709113523,0.9243434827326931,22.40444381843561
Cosmos3_seed101_0006,92,7.1521097008911125,53.786051325104346,0.4495399577433591,11.731223064996186,0.961680043482874,6.8780411681472495
Cosmos3_seed101_0006,104,16.037524103369776,74.97910248944534,11.731223064996186,13.334030376144407,0.12020426427224618,1.9277787855939785
Cosmos3_seed101_0006,116,16.037524103369776,61.10854098364775,13.334030376144407,4.669746045735704,0.0,0.0
Cosmos3_seed101_0006,117,8.465394091961922,53.77524013789768,13.334030376144407,6.966888469612466,0.0,0.0
Cosmos3_seed101_0006,145,2.116319417570228,50.27205780464728,59.1946016706852,50.29237648125037,0.0,0.0
Cosmos3_seed101_0014,33,0.0012954371380671,1.1576813033858029,0.8148372227297592,0.6069018536814156,0.0,0.0
Cosmos3_seed101_0014,60,7.582335675583208,54.76946387180944,1.0958972776420428,0.9452404597478382,0.0,0.0
Cosmos3_seed101_0014,65,0.2503238176280951,50.458842990153855,1.0958972776420428,2.33171930908595,0.5300046307582185,0.13267278253196615
Cosmos3_seed101_0014,72,11.350433822458124,65.9663039918063,0.9452404597478382,14.33970327754915,0.9340822859823225,10.602239171772755
Cosmos3_seed101_0014,84,15.119374405174518,55.95750813550793,8.6416295252468,28.25801377492885,0.6941883603682772,10.495693728122196
Cosmos3_seed101_0014,96,8.465394091961922,57.33911991172902,28.25801377492885,19.0394690221944,0.0,0.0
Cosmos3_seed101_0014,108,20.475462928800894,68.89336840896372,19.0394690221944,10.593964847163601,0.0,0.0
Cosmos3_seed101_0014,123,9.44331704862626,68.87615458204121,10.593964847163601,1.6372212050949333,0.0,0.0
Cosmos3_seed101_0014,154,19.371400165658493,71.88469574955126,3.4897755966340362,5.3140280593138725,0.3432899567555872,6.650007125164079
Cosmos3_seed101_0014,158,12.16895087759879,65.98929904432227,3.4897755966340362,5.3140280593138725,0.3432899567555872,4.177478620531754
Cosmos3_seed101_0015,33,0.0003587800017304,0.0038073503993827,0.4354515499072062,0.19514468003617835,0.0,0.0
Cosmos3_seed101_0015,64,0.0011581253354925,0.0132000310331731,0.3759770372213698,0.52754228474862,0.0,0.0
Cosmos3_seed101_0015,95,2.5338300012683117,49.12901337884662,0.6029634726639135,0.48771053320873364,0.0,0.0
Cosmos3_seed101_0015,110,2.301312792326499,51.42897282356906,0.5738934948538224,0.9283544725937384,0.0,0.0
Cosmos3_seed101_0015,122,9.709080005723868,54.78082448140557,0.9283544725937384,2.016477882492037,0.5396158417336846,5.239173379748372
Cosmos3_seed101_0015,127,2.521766135487797,54.7637383001956,0.9283544725937384,4.313424225385241,0.7847755230913265,1.9790203380914286
Cosmos3_seed101_0015,134,1.7928111369947202,53.74240644450367,1.9048121540340721,21.398812390125574,0.9109851463105941,1.6332243159423978
Cosmos3_seed101_0015,147,3.4947202614727897,50.8436063483414,21.398812390125574,21.49344986464154,0.004403084433255775,0.01538754838187439
Cosmos3_seed101_0015,158,3.190066961000043,54.74078681410529,21.49344986464154,8.075960057998238,0.0,0.0
Cosmos3_seed101_0015,159,5.380463069088333,55.91772584847847,21.49344986464154,8.075960057998238,0.0,0.0
Cosmos3_seed101_0015,171,0.0503194060674648,46.34929639015198,8.075960057998238,3.1897782629815055,0.0,0.0
Cosmos3_seed101_0022,33,0.0023898318342404,0.2625094410214489,0.43403822941611386,0.59084410435515,0.0,0.0
Cosmos3_seed101_0022,63,21.414942966733506,53.786051325104346,0.33358738428145,0.55479734988345,0.0,0.0
Cosmos3_seed101_0022,78,55.519821261854815,78.09978628489856,0.561076626317,5.3446819218613495,0.8950215121274049,49.69143437882854
Cosmos3_seed101_0022,90,9.12843888486971,55.943107121029314,3.6962847763928,1.9521828349782,0.0,0.0
Cosmos3_seed101_0022,105,16.35518435525671,52.97679244987407,0.7619399457343,0.56838622166885,0.0,0.0
Cosmos3_seed101_0022,117,11.350433822458124,52.34187333923214,1.02031317284355,20.0836616901306,0.9491968552056945,10.773796089497601
Cosmos3_seed101_0022,127,88.25280310043169,95.19701089367828,6.79886231277965,35.7385377685809,0.8097610384396647,71.46368148381683
Cosmos3_seed101_0022,129,88.68286675858208,83.9923051948201,20.0836616901306,35.7385377685809,0.438039076467563,38.84656105342524
Cosmos3_seed101_0022,141,60.47427097835438,78.09978628489856,35.7385377685809,31.1949259749765,0.0,0.0
Cosmos3_seed101_0022,158,38.51356480178003,65.9663039918063,31.1949259749765,10.2592220438015,0.0,0.0
Cosmos3_seed101_0023,33,0.0254039220388646,34.021016968914545,0.7342721433731922,0.4237016131990439,0.0,0.0
Cosmos3_seed101_0023,52,0.0087441973925641,25.00281782381511,0.4558639587604094,0.38334248753585587,0.0,0.0
Cosmos3_seed101_0023,95,0.0013202200530901,7.378758423572511,0.9391863723226402,0.5321233991074015,0.0,0.0
Cosmos3_seed101_0023,117,0.0068099880689827,44.03963915586734,0.6291162349043419,9.697542807409677,0.935126222446407,0.006368198417852894
Cosmos3_seed101_0023,126,0.6486470683685768,63.351316377941934,2.8203146576811804,30.81892281593261,0.9084875654309648,0.5892877959661008
Cosmos3_seed101_0023,129,0.4773989739457581,59.06930009317557,9.697542807409677,30.81892281593261,0.6853380351633741,0.3271796747929967
Cosmos3_seed101_0023,141,0.0646113982071358,49.99999999999999,30.81892281593261,39.054204282018326,0.21086798764653045,0.01362447551896737
Cosmos3_seed101_0023,153,1.1061066072413752,61.11813127645389,39.054204282018326,13.98124012619658,0.0,0.0
Cosmos3_seed101_0023,158,1.6154021134729093,78.07716237196162,27.792484888143807,13.98124012619658,0.0,0.0
Cosmos3_seed101_0023,165,0.4422016758528507,68.8036116945333,13.98124012619658,10.496884932873229,0.0,0.0
Cosmos3_seed101_0023,177,0.1756302065641537,63.37671037750354,12.845347536145038,2.836122297908258,0.0,0.0
Cosmos3_seed101_0025,29,0.0012522652117364,0.8886298706476168,0.20432426798857423,0.22085681559223752,0.0,0.0
Cosmos3_seed101_0025,61,0.0075973399231188,40.90104452335958,0.18465602524847877,0.7141588726648748,0.0,0.0
Cosmos3_seed101_0025,67,0.0503194060674648,49.15639365165861,0.18465602524847877,0.7141588726648748,0.0,0.0
Cosmos3_seed101_0025,90,0.4422016758528507,50.61854602183108,0.22382846697848421,0.3822796886777737,0.0,0.0
Cosmos3_seed101_0025,103,8.306510661445541,74.95577373450824,0.3822796886777737,0.7453799041655078,0.0,0.0
Cosmos3_seed101_0025,115,0.7870393740224573,51.45042980520714,0.7453799041655078,1.940870123093081,0.6159558049264894,0.484781471134843
Cosmos3_seed101_0025,153,0.2136088335662172,49.91654122962824,0.33189224635917525,1.686023137121307,0.8031508352098633,0.17156011308691205
Cosmos3_seed101_0025,158,6.394662220954691,68.78928824938362,1.3177971913218551,1.686023137121307,0.2183991059744031,1.3965885120647954
Cosmos3_seed101_0025,170,0.6838615964724927,50.94175081882175,1.686023137121307,3.3874565509965096,0.5022746087694264,0.34348631582065664
Cosmos3_seed101_0029,33,0.1779983679120328,13.459943667930666,0.6658523512244877,0.2884620324936088,0.0,0.0
Cosmos3_seed101_0029,64,0.0185114557686311,16.0019063554548,0.22588207952112413,0.30854236572448335,0.0,0.0
Cosmos3_seed101_0029,73,0.0414692482197741,38.85085416462395,0.30854236572448335,0.4487336641419968,0.0,0.0
Cosmos3_seed101_0029,95,0.2762188422980268,49.67989135118792,0.32329560574855365,0.2634487154314222,0.0,0.0
Cosmos3_seed101_0029,104,0.4553929642315216,49.70871115674839,0.32329560574855365,0.278475239901878,0.0,0.0
Cosmos3_seed101_0029,118,4.255915318393321,57.356616265916806,0.278475239901878,0.6588371609240634,0.0,0.0
Cosmos3_seed101_0029,128,69.0314270370882,94.02582660126536,0.5266822321737122,1.5660734714926368,0.6636925139458959,45.81564135151776
Cosmos3_seed101_0029,130,79.20742406767062,95.1987955580608,0.5266822321737122,1.1878142391038762,0.5565954550510712,44.086492242368294
Cosmos3_seed101_0029,142,19.53385800424592,54.7637383001956,1.5660734714926368,0.407637464554883,0.0,0.0
Cosmos3_seed101_0029,154,0.7483580273215935,49.72166505868187,0.407637464554883,0.32339868882613537,0.0,0.0
Cosmos3_seed101_0029,160,0.2762188422980268,48.6093863840971,0.32339868882613537,0.3064665925866214,0.0,0.0
Cosmos3_seed101_0034,31,0.0009216319537009,0.7134362601133047,0.36818794291611384,0.4299293373414906,0.0,0.0
Cosmos3_seed101_0034,57,0.002794905376123,16.000128733906184,0.27174175354988894,0.1576609459124447,0.0,0.0
Cosmos3_seed101_0034,78,0.0136556743258551,28.111208746830364,0.4574478467065964,0.320290574914775,0.0,0.0
Cosmos3_seed101_0034,100,0.009572061303823,48.12237963369109,0.44765399523607474,0.3216537738279936,0.0,0.0
Cosmos3_seed101_0034,113,0.0550834038708705,49.81720058361654,0.3216537738279936,0.3405524383855101,0.0,0.0
Cosmos3_seed101_0034,139,0.6709860672777721,58.59324836837697,16.67612008701245,17.80052104725555,0.06316674423507725,0.042384005297035364
Cosmos3_seed101_0034,154,0.2255146588267945,49.05824918117826,18.61210193101413,8.44323007431604,0.0,0.0
Cosmos3_seed101_0034,159,7.582335675583208,57.31010554080713,18.61210193101413,6.571364409310868,0.0,0.0
Cosmos3_seed101_0034,166,1.010491838694726,68.81477093719349,10.987450657396007,1.6058032587320716,0.0,0.0
Cosmos3_seed101_0034,178,0.0418839148579225,46.21394867489567,1.6856123567437777,1.4979792010142314,0.0,0.0
Cosmos3_seed101_0040,33,0.0014074755745124,1.8790087127911963,0.30497646772675,0.32170086650409996,0.0,0.0
Cosmos3_seed101_0040,51,0.0707284641359532,49.74555196321855,0.32170086650409996,0.32722087338649997,0.0,0.0
Cosmos3_seed101_0040,76,0.7507698938340338,50.50978983382761,0.2021423824268,0.3366102444397,0.0,0.0
Cosmos3_seed101_0040,95,4.031474862952374,51.84428668862938,0.3366102444397,0.35490231927899996,0.0,0.0
Cosmos3_seed101_0040,96,0.6709860672777721,50.0626144693458,0.3366102444397,0.35490231927899996,0.0,0.0
Cosmos3_seed101_0040,139,0.0612004741113229,49.48011529784017,0.462150587626,0.284541218684717,0.0,0.0
Cosmos3_seed101_0040,153,1.7263692265396016,52.35920652631892,0.284541218684717,0.3587976072325,0.0,0.0
Cosmos3_seed101_0040,161,11.350433822458124,71.86847691523359,0.3587976072325,0.35458413904715,0.0,0.0
Cosmos3_seed101_0040,173,21.414942966733506,74.98737304154425,0.35458413904715,0.3383989528348,0.0,0.0
Cosmos3_seed101_0042,33,0.000682969267643,0.0102801840137478,0.3528111907174741,0.2306581368223219,0.0,0.0
Cosmos3_seed101_0042,64,4.221607435361436,61.09723642130503,0.2429591041276307,0.3258189776386158,0.0,0.0
Cosmos3_seed101_0042,66,2.6060052532212907,57.29523896805625,0.22249594182527416,0.3258189776386158,0.0,0.0
Cosmos3_seed101_0042,85,11.317133241417924,74.98372399926879,0.47513466834993157,0.43930210354680127,0.0,0.0
Cosmos3_seed101_0042,109,19.18862681741401,83.9863655586056,0.3313456389684008,0.9194542596789658,0.0,0.0
Cosmos3_seed101_0042,123,24.89084369821776,65.98330740982298,0.9194542596789658,0.9770716897198827,0.0,0.0
Cosmos3_seed101_0042,127,0.4070013602998053,49.2057900337005,0.9194542596789658,0.9770716897198827,0.0,0.0
Cosmos3_seed101_0042,135,0.0011010267089618,0.4330254044576359,0.9770716897198827,0.6127280547258129,0.0,0.0
Cosmos3_seed101_0042,147,0.0064798295985821,4.798731979693905,0.6127280547258129,0.3550230873912992,0.0,0.0
Cosmos3_seed101_0042,158,1.7263692265396016,50.90248893868906,0.3550230873912992,0.3078324415536528,0.0,0.0
Cosmos3_seed102_0014,3,9.713927262274412e-05,0.0048168365650393,0.4715001069093,0.50788926221565,0.0,0.0
Cosmos3_seed102_0014,56,0.0002445826068967,0.0048241366096861,0.5256872678433,0.5301562211459,0.0,0.0
Cosmos3_seed102_0014,95,0.0006798759508218,0.1592736901027162,1.18715420986665,0.76544700921,0.0,0.0
Cosmos3_seed102_0014,106,0.003940166115128,4.796012497165038,0.76544700921,1.0348649930229998,0.2603411900387011,0.0010257875353625893
Cosmos3_seed102_0014,118,0.013752528567065,48.84877936670032,1.0348649930229998,0.91968427769465,0.0,0.0
Cosmos3_seed102_0014,126,0.0768455548855612,49.4614073879528,1.0348649930229998,0.91968427769465,0.0,0.0
Cosmos3_seed102_0014,130,0.1756302065641537,50.0,0.91968427769465,0.6999305991334499,0.0,0.0
Cosmos3_seed102_0014,145,4.255915318393321,53.77095232741721,0.7135541719488,0.6660182953239,0.0,0.0
Cosmos3_seed102_0014,166,7.1521097008911125,63.37671037750354,1.4511024333159999,4.6110511976711495,0.6852989977537245,4.90133360984537
Cosmos3_seed102_0014,178,14.9862158756494,86.54005633206934,3.5765220874912,24.5551185506522,0.854347187120536,12.803431378942186
Cosmos3_seed102_0015,22,0.0005177813001094,0.0968948095881377,0.48541653762225057,0.35458383276564315,0.0,0.0
Cosmos3_seed102_0015,49,0.0001904811214697,0.0168798867171363,0.39426350463913035,0.31167617185936886,0.0,0.0
Cosmos3_seed102_0015,95,0.0004032484964295,0.0277609563192685,0.39594538649583433,0.3768005453660371,0.0,0.0
Cosmos3_seed102_0015,121,0.0011833986730196,1.464810788153831,0.5756004204016774,0.6084534190555059,0.0,0.0
Cosmos3_seed102_0015,138,39.52572902164562,74.9731691886656,0.7271106895546849,0.5368830950430805,0.0,0.0
Cosmos3_seed102_0015,150,2.897231664183832,54.78082448140557,0.6940497797933654,0.6950651720748451,0.0,0.0
Cosmos3_seed102_0015,154,3.152540332419858,54.78082448140557,0.6950651720748451,0.6183988374337865,0.0,0.0
Cosmos3_seed102_0015,163,7.953899356313713,59.0928746734436,0.6950651720748451,3.1407580255091485,0.778695090029367,6.193662375349231
Cosmos3_seed102_0015,175,4.625011745072874,55.943107121029314,3.0057617279604214,8.868607344648968,0.6610784973162668,3.0574958145028606
Cosmos3_seed102_0015,187,9.973896517669663,68.88597526639752,7.430668406057697,0.0,0.0,0.0
Cosmos3_seed102_0019,25,0.1300676475907307,49.54115700984613,0.48543277179988964,0.3261917988652457,0.0,0.0
Cosmos3_seed102_0019,34,0.2503238176280951,49.9216571877852,0.3261917988652457,0.35769642529670415,0.0,0.0
Cosmos3_seed102_0019,37,0.5298901087410189,50.029577644379366,0.3261917988652457,0.35769642529670415,0.0,0.0
Cosmos3_seed102_0019,58,9.095954672737442,51.15122063329968,1.0349191818737091,0.29419712660523706,0.0,0.0
Cosmos3_seed102_0019,65,1.648386520457907,51.14956523080514,1.0349191818737091,0.3180514544742096,0.0,0.0
Cosmos3_seed102_0019,70,28.76379731246848,71.88049317522113,0.22298767581013434,0.17056741227213007,0.0,0.0
Cosmos3_seed102_0019,82,8.901917739235024,53.79147602943163,0.3180514544742096,0.3672245024552739,0.0,0.0
Cosmos3_seed102_0019,94,10.360808901986903,53.79147602943163,0.3672245024552739,2.8479453510193795,0.8710563380986818,9.024848261904935
Cosmos3_seed102_0019,96,3.6783755449957822,51.15370398032761,0.4657653722559663,4.27351655213648,0.8910112160386711,3.2774738673936015
Cosmos3_seed102_0019,127,2.75869520583144,50.65451583999637,9.44245673757639,7.7986970698792595,0.0,0.0
Cosmos3_seed102_0019,158,0.8031728072122468,50.42236715704325,3.161242222499347,4.257926464810589,0.2575629831503036,0.20686758421079
Cosmos3_seed102_0022,3,0.0001483468381623,0.0017720147789861,0.5317733068550228,0.2780572228411334,0.0,0.0
Cosmos3_seed102_0022,60,0.0002056438874499,0.0355272350610862,0.32680481821937907,0.5053499542978818,0.0,0.0
Cosmos3_seed102_0022,74,0.0001601556031639,0.0130773759618588,0.5053499542978818,0.4787858482272421,0.0,0.0
Cosmos3_seed102_0022,103,0.0002251132439076,0.0029259867146864,0.2891750071857121,0.48699413654392854,0.0,0.0
Cosmos3_seed102_0022,139,0.0004765646649255,0.2627443882851116,0.7002837903983945,0.6430777951326896,0.0,0.0
Cosmos3_seed102_0022,154,0.0018480943807762,3.798271808476768,0.6430777951326896,14.766746178754438,0.9564509481406327,0.001767611622746772
Cosmos3_seed102_0022,166,0.3704255956342378,49.519807693836746,14.766746178754438,16.141344768182122,0.0851601033971654,0.03154548202516827
Cosmos3_seed102_0022,178,0.6551218700999727,50.813194116226576,16.141344768182122,19.098749425270153,0.1548480788577181,0.10144436300265632
Cosmos3_seed102_0025,31,0.0021358147486918,9.107700383265357,0.5007922715177385,0.5428328505060807,0.0,0.0
Cosmos3_seed102_0025,47,0.0260195613930508,49.11300239442943,0.5815872377750064,0.8118312482285206,0.0,0.0
Cosmos3_seed102_0025,79,0.0371199236294205,49.66686549425137,0.9869330864974339,0.8571621247788057,0.0,0.0
Cosmos3_seed102_0025,91,0.0785825976364886,49.83117304219845,0.8571621247788057,1.2184540660016219,0.29651666919903014,0.023301050108179178
Cosmos3_seed102_0025,100,1.5301842925624636,55.9538456115895,1.2184540660016219,3.514359065859818,0.6532926649874017,0.9996581744099937
Cosmos3_seed102_0025,107,5.380463069088333,61.135955136625775,0.8674972870294447,17.778709330998286,0.9512058344124616,5.117927863157602
Cosmos3_seed102_0025,119,1.269744868898502,51.430573568907455,17.778709330998286,7.256022171281798,0.0,0.0
Cosmos3_seed102_0025,130,2.6621481789128487,50.8436063483414,7.880953523874298,8.792589752015106,0.10368233408500349,0.2760177368698256
Cosmos3_seed102_0025,132,0.9571452008758128,51.019699122058206,7.256022171281798,10.654861248118438,0.31899421284691504,0.3053237799335823
Cosmos3_seed102_0025,144,18.498285700377256,81.09221918963782,9.470650731086,4.38138119988165,0.0,0.0
Cosmos3_seed102_0025,160,2.4662317290354085,57.37021862829632,4.38138119988165,4.672756333674391,0.06235615833270294,0.1537847361808677
Cosmos3_seed102_0027,20,0.5847122208474782,53.7831316563336,0.81399706443705,0.3692759047904,0.0,0.0
Cosmos3_seed102_0027,32,19.53385800424592,74.99132116990828,0.3900477637114,0.5010344698617,0.0,0.0
Cosmos3_seed102_0027,34,6.387987564791733,59.09754537364953,0.25161519390140724,0.42011265885035,0.0,0.0
Cosmos3_seed102_0027,44,1.3445775442215715,54.77556076961251,0.5010344698617,0.3280844366411,0.0,0.0
Cosmos3_seed102_0027,56,0.7507698938340338,51.11904913395748,0.3280844366411,0.46488234510114995,0.0,0.0
Cosmos3_seed102_0027,65,0.3546750219864717,50.86691731112587,0.36153108184274996,0.38347282784575,0.0,0.0
Cosmos3_seed102_0027,68,0.9571452008758128,52.99506453155575,0.46488234510114995,0.5348904311071,0.0,0.0
Cosmos3_seed102_0027,80,7.197061604929552,74.96555205649777,0.5348904311071,0.5433965639425999,0.0,0.0
Cosmos3_seed102_0027,96,0.5325849061035756,61.12560228930144,0.5433965639425999,0.6652899056135999,0.0,0.0
Cosmos3_seed102_0027,127,0.3973747273619233,52.33249952232482,1.20414165112055,0.66741769753945,0.0,0.0
Cosmos3_seed102_0027,158,0.3230398231548818,58.89379668071676,0.6409779090368,0.53166572016875,0.0,0.0
Cosmos3_seed102_0029,33,0.0075973399231188,5.971061531190543,0.5169780668143632,0.52251411913925,0.0,0.0
Cosmos3_seed102_0029,64,0.0185114557686311,9.111113119502551,0.3572235454775018,0.4618457181406083,0.0,0.0
Cosmos3_seed102_0029,92,0.3169753146033682,49.92501433616196,0.34738878707914334,0.6931786236483308,0.0,0.0
Cosmos3_seed102_0029,99,0.4070013602998053,49.45480254837556,0.4783656829523642,5.347339874232969,0.9105413730558913,0.3705915774430003
Cosmos3_seed102_0029,111,20.475462928800894,57.36807729268114,5.169151597908338,7.3433913975964025,0.29608115405638386,6.062398693798074
Cosmos3_seed102_0029,136,17.650677281322146,61.13142198522957,1.4201357821726226,1.8487817747912303,0.23185321191681027,4.092366220181612
Cosmos3_seed102_0029,150,4.657627908845623,59.09675048678942,1.8487817747912303,1.0177715593340455,0.0,0.0
Cosmos3_seed102_0029,176,11.350433822458124,57.33911991172902,8.94470923456247,5.76801323911842,0.0,0.0
Cosmos3_seed102_0029,188,0.4070013602998053,45.24631276786846,6.058875694457349,0.0,0.0,0.0
Cosmos3_seed102_0036,21,0.0016633742241753,11.153404139983564,0.4835169920336524,0.5012886618565188,0.0,0.0
Cosmos3_seed102_0036,63,0.2955159408232448,50.33601534229495,0.4851785398320881,0.4058305097008265,0.0,0.0
Cosmos3_seed102_0036,67,11.350433822458124,74.98737304154425,0.4851785398320881,0.4058305097008265,0.0,0.0
Cosmos3_seed102_0036,79,0.2503238176280951,50.04519668565549,0.4058305097008265,1.017704748219084,0.6012296194834473,0.15050209362018346
Cosmos3_seed102_0036,91,4.625011745072874,53.75339019454412,1.017704748219084,4.549895446020772,0.7763234869255855,3.590505245006761
Cosmos3_seed102_0036,96,4.058378477641017,55.9538456115895,3.076869447019872,11.893346162006283,0.7412948883259581,3.0084552203673693
Cosmos3_seed102_0036,103,3.542841406808402,55.943107121029314,3.5201253792088294,17.16871164931405,0.7949685770772748,2.8164475919809258
Cosmos3_seed102_0036,115,0.9571452008758128,53.55482155760984,17.16871164931405,14.496368537868351,0.0,0.0
Cosmos3_seed102_0036,127,0.3718032126364961,49.551644751557504,14.496368537868351,11.445713290575224,0.0,0.0
Cosmos3_seed102_0036,158,2.3138401033127263,61.09623121639063,15.844843242810892,14.674878714474318,0.0,0.0
Cosmos3_seed102_0042,29,0.0080994610284377,40.89798960970973,0.3269969173747039,0.21252965214295205,0.0,0.0
Cosmos3_seed102_0042,47,0.1295606447493889,49.54115700984613,0.2726372999371547,0.2721586570332,0.0,0.0
Cosmos3_seed102_0042,64,4.748247480496891,53.77524013789768,0.6899676084622464,0.37311175167918337,0.0,0.0
Cosmos3_seed102_0042,81,3.1316632089254406,51.86276244150331,0.24179283830239184,0.4281886098971167,0.0,0.0
Cosmos3_seed102_0042,93,5.695239355912678,54.7637383001956,0.4281886098971167,0.6324963844406085,0.0,0.0
Cosmos3_seed102_0042,95,4.748247480496891,54.76946387180944,0.4281886098971167,0.8578169843311816,0.0,0.0
Cosmos3_seed102_0042,105,5.060452046827049,52.97679244987407,0.5641992558224336,0.6373289070790428,0.0,0.0
Cosmos3_seed102_0042,142,0.0018072344253566,3.797249076625201,0.5684023187716398,0.2727934564259787,0.0,0.0
Cosmos3_seed102_0042,165,0.0550834038708705,28.14624012309568,0.18803855721767745,0.3444357522476655,0.0,0.0
Cosmos3_seed103_0003,19,0.0012647861698942,7.379874597753118,0.4065099946192455,0.538922883869788,0.0,0.0
Cosmos3_seed103_0003,38,0.009572061303823,21.898214528795364,0.6687399283253125,0.7881188856554822,0.0,0.0
Cosmos3_seed103_0003,64,0.2151238877937631,49.49021016617239,0.5481991205267485,2.4832617146574996,0.7792423097046144,0.16763363519704827
Cosmos3_seed103_0003,75,1.5409679113122383,51.1131198080798,0.7401095599817111,24.115752000140375,0.9693101189638456,1.4936757894335344
Cosmos3_seed103_0003,89,45.43760829025813,90.88507303845743,24.115752000140375,83.69684463631306,0.711867847528419,32.345572410425504
Cosmos3_seed103_0003,91,24.874602983424392,59.10201039029026,30.16650176499766,83.69684463631306,0.6395742050243374,15.909154428419667
Cosmos3_seed103_0003,106,76.91867903338876,98.83507029123108,83.69684463631306,30.994538498655608,0.0,0.0
Cosmos3_seed103_0003,121,0.1065259146169397,44.05953905943028,30.994538498655608,21.48328749567811,0.0,0.0
Cosmos3_seed103_0003,134,44.12759925625637,81.03484140432704,21.48328749567811,0.0,0.0,0.0
Cosmos3_seed103_0004,24,0.0082825836753807,31.101488748950874,0.34912396872743706,0.5135100630874357,0.0,0.0
Cosmos3_seed103_0004,47,0.3718032126364961,51.04633150281593,0.5817606624346237,2.735870271758503,0.7873580964565647,0.29274226975790696
Cosmos3_seed103_0004,49,0.4773989739457581,51.8341549994966,0.5817606624346237,2.735870271758503,0.7873580964565647,0.37588394737624925
Cosmos3_seed103_0004,63,0.8031728072122468,50.31534350548717,2.735870271758503,14.675380125251015,0.8135741460590135,0.6534406307655244
Cosmos3_seed103_0004,70,1.3445775442215715,51.10546894019245,2.0423996662739645,38.4804313248557,0.9469236805317534,1.2732123169346368
Cosmos3_seed103_0004,75,1.5359650253469244,50.31534350548717,13.75204468764013,48.733349425485876,0.7178103937085786,1.1025316595668826
Cosmos3_seed103_0004,87,29.78325916697372,57.35673233486672,44.62425307792441,55.0865498600444,0.18992470591643548,5.6565767385204655
Cosmos3_seed103_0004,92,0.0717200326330407,21.9060762319394,50.976623277566226,55.0865498600444,0.07460853135511401,0.005350926303492018
Cosmos3_seed103_0004,99,0.2762188422980268,47.69549606482059,55.0865498600444,26.104921841934534,0.0,0.0
Cosmos3_seed103_0004,111,50.0,65.98330740982298,26.104921841934534,12.491051208973198,0.0,0.0
Cosmos3_seed103_0004,114,5.346835366969258,52.96897559096232,26.104921841934534,10.392689630520172,0.0,0.0
Cosmos3_seed103_0011,22,0.0435002525490388,46.20990344215626,0.6388743719763048,0.719896887961177,0.0,0.0
Cosmos3_seed103_0011,35,18.498285700377256,86.51247301312914,0.719896887961177,0.6619738018676868,0.0,0.0
Cosmos3_seed103_0011,47,3.190066961000043,51.8341549994966,0.6619738018676868,1.104781394416409,0.4008101465019977,1.2786112059896098
Cosmos3_seed103_0011,51,2.517788850975641,53.77095232741721,1.104781394416409,4.507109920703398,0.7548803082566062,1.9006292239495384
Cosmos3_seed103_0011,59,0.5225837397709935,51.06696224331433,1.104781394416409,6.196582989398109,0.8217111920704351,0.4294129077638491
Cosmos3_seed103_0011,71,0.166358935737841,49.82225622131839,4.507109920703398,30.80692295928755,0.8536981467879897,0.14202031514101712
Cosmos3_seed103_0011,76,0.1675394187173699,49.18680588377343,14.57493526033841,44.490426300128824,0.6724028859148916,0.11265398865006293
Cosmos3_seed103_0011,85,1.396503035544604,50.39621910018056,36.084888257134,49.81005411686029,0.2755501093720041,0.38480656418265136
Cosmos3_seed103_0011,97,1.4484026847858584,49.86157073336949,49.81005411686029,46.18761876392464,0.0,0.0
Cosmos3_seed103_0011,99,1.396503035544604,49.36656570881132,58.549648262124656,44.98124522960081,0.0,0.0
Cosmos3_seed103_0011,123,1.7682038629078571,50.57127922644724,17.51893421744392,8.393988559073584,0.0,0.0
Cosmos3_seed103_0022,33,0.0010281883129084,0.2044439452152415,0.410344367226326,0.5718872039663562,0.0,0.0
Cosmos3_seed103_0022,64,0.0254039220388646,49.44687961257511,0.6102521764749868,0.42493911060775097,0.0,0.0
Cosmos3_seed103_0022,78,0.0791400028625891,49.44637198591339,0.4393933941651772,0.42969853133958724,0.0,0.0
Cosmos3_seed103_0022,105,0.5298901087410189,49.94636547881552,0.5339071482264459,0.4551889349042407,0.0,0.0
Cosmos3_seed103_0022,117,2.517788850975641,50.16584288173025,0.5723911679342968,0.793385960892759,0.0,0.0
Cosmos3_seed103_0022,127,11.350433822458124,51.45554713258931,0.793385960892759,1.7790722169592,0.5540451065843641,6.288652316942582
Cosmos3_seed103_0022,129,29.55542395086474,55.964313271694,0.793385960892759,2.608535024549884,0.695849987281784,20.566141380316964
Cosmos3_seed103_0022,141,50.0,71.88285570327713,2.5205818576059458,10.274606477250948,0.7546785014893975,37.73392507446987
Cosmos3_seed103_0022,166,1.5409679113122383,50.18756413483008,1.8097358339402074,13.07994813760115,0.8616404426912269,1.3277602732760523
Cosmos3_seed103_0026,33,0.0006236277234298,7.378126758441894,0.4708846126691359,0.5741262167049414,0.0,0.0
Cosmos3_seed103_0026,64,0.1949540886628119,50.15873865748721,0.4209774997480319,0.3113344032208836,0.0,0.0
Cosmos3_seed103_0026,85,6.387987564791733,59.09675048678942,0.4066274626331104,0.45650596832920964,0.0,0.0
Cosmos3_seed103_0026,96,3.542841406808402,59.09895547664041,0.5016189967460837,0.4919177554700242,0.0,0.0
Cosmos3_seed103_0026,97,2.215997357830742,57.37021862829632,0.45650596832920964,0.4919177554700242,0.0,0.0
Cosmos3_seed103_0026,109,1.9783792287990716,59.093919465038205,0.4919177554700242,0.3867591666951898,0.0,0.0
Cosmos3_seed103_0026,121,4.47980519183465,63.43972192492859,0.35403350470434813,0.8435279250849881,0.0,0.0
Cosmos3_seed103_0026,127,26.79537380621289,65.99468587578808,0.40388414142485596,1.525620747423589,0.73526569948205,19.70171926450812
Cosmos3_seed103_0026,134,53.980120098499896,86.54874939053565,0.8435279250849881,1.091711477658178,0.22733438060536523,12.271537167595701
Cosmos3_seed103_0026,146,3.162076889115353,57.36807729268114,1.091711477658178,0.7326042228329691,0.0,0.0
Cosmos3_seed103_0026,187,6.337171769509807,52.365698637944426,0.6863264407705935,0.0,0.0,0.0
Cosmos3_seed103_0028,33,0.5325849061035756,45.418550456942405,0.3645359651597144,0.5765181880539858,0.0,0.0
Cosmos3_seed103_0028,64,0.013752528567065,1.8790087127911963,0.5537201128631747,0.6288377660751806,0.0,0.0
Cosmos3_seed103_0028,93,0.0537799590181155,48.12354674908021,0.8236228574426641,0.4961954721183181,0.0,0.0
Cosmos3_seed103_0028,112,0.6803620858804232,49.45769025045559,0.5121700549982173,0.6140801594694417,0.0,0.0
Cosmos3_seed103_0028,124,0.9317378801199794,50.096281931109154,0.6140801594694417,0.6329152033722513,0.0,0.0
Cosmos3_seed103_0028,137,0.8031728072122468,50.15873865748721,0.6329152033722513,1.0798360584686404,0.4138784323707303,0.3324159023718035
Cosmos3_seed103_0028,149,11.895254149238758,51.45323128753139,1.0798360584686404,2.0224730369897506,0.46608135746725765,5.5441562012952295
Cosmos3_seed103_0028,157,6.7280439511811,50.54230974954442,2.0224730369897506,1.899196671289206,0.0,0.0
Cosmos3_seed103_0028,162,1.3801129503338765,50.05363452118448,2.0224730369897506,1.1665694873643826,0.0,0.0
Cosmos3_seed103_0028,175,0.013752528567065,34.003524300175926,1.1665694873643826,1.776440891090786,0.3433108339179948,0.004721392050840131
Cosmos3_seed103_0035,25,0.0008536771372635,0.0457007931578588,0.2706621745412538,0.3514466038119029,0.0,0.0
Cosmos3_seed103_0035,64,0.0021766747370501,13.448813409450263,0.4007942496067868,0.4670454124314987,0.0,0.0
Cosmos3_seed103_0035,92,0.0260195613930508,48.14825490775896,0.369059509326203,0.390937013797928,0.0,0.0
Cosmos3_seed103_0035,100,0.0175342151939908,48.88688019192019,0.25954561906393697,0.390937013797928,0.0,0.0
Cosmos3_seed103_0035,104,0.0920898312258395,49.97258576460692,0.390937013797928,0.9351711986598333,0.0,0.0
Cosmos3_seed103_0035,116,0.1877093594511362,50.38695688882267,0.9351711986598333,0.9803988966634399,0.0,0.0
Cosmos3_seed103_0035,127,0.3546750219864717,50.40489357970485,0.684030572631261,3.374603691116885,0.7973004728134849,0.28278256272494706
Cosmos3_seed103_0035,128,0.2742752841191843,50.37400170390557,0.8522162945411643,4.785158778994827,0.82190428073524,0.22542803011743176
Cosmos3_seed103_0035,140,21.76810433975689,65.99417310581018,3.374603691116885,7.15689098853838,0.5284818929726265,11.504048987900367
Cosmos3_seed103_0035,152,0.6803620858804232,50.86691731112587,7.15689098853838,8.731719484161285,0.18035720209284456,0.12270820221944476
Cosmos3_seed103_0035,158,16.35518435525671,81.0939427126689,7.15689098853838,11.199646835317406,0.36097172582535736,5.903759122908899
Cosmos3_seed103_0036,33,0.0074547244759116,44.03095280247081,0.33477105692116327,0.7524051112358296,0.0,0.0
Cosmos3_seed103_0036,63,13.655903224901657,61.142236164710354,0.2710515666659837,0.3794372583655085,0.0,0.0
Cosmos3_seed103_0036,69,4.749296989369327,51.45858285865637,0.2710515666659837,0.3794372583655085,0.0,0.0
Cosmos3_seed103_0036,81,5.035647673129357,52.36791266861525,0.3794372583655085,0.39604663228090825,0.0,0.0
Cosmos3_seed103_0036,93,1.396503035544604,52.97679244987407,0.3281426360657492,0.2847680906882885,0.0,0.0
Cosmos3_seed103_0036,96,2.521766135487797,55.943107121029314,0.39604663228090825,0.2613741489335364,0.0,0.0
Cosmos3_seed103_0036,105,3.190066961000043,54.77556076961251,0.35577974044106203,0.5982545392186391,0.0,0.0
Cosmos3_seed103_0036,117,6.337171769509807,55.96258273732136,0.5982545392186391,0.36488925555985513,0.0,0.0
Cosmos3_seed103_0036,127,8.465394091961922,59.0928746734436,0.36488925555985513,0.595925905786404,0.0,0.0
Cosmos3_seed103_0036,129,2.822943473550097,61.13948602419201,0.36488925555985513,0.6957501436801431,0.0,0.0
Cosmos3_seed103_0036,165,5.403811699882396,52.36791266861525,0.21709315458011566,0.56555062637639,0.0,0.0
Cosmos3_seed103_0037,33,0.000371148947523,0.7131306135368396,0.32184787337901327,0.7383700109336127,0.0,0.0
Cosmos3_seed103_0037,64,0.0107104829275384,44.03041776616973,0.8373592279305825,0.6477154198579282,0.0,0.0
Cosmos3_seed103_0037,76,12.231898304046844,63.45069705810875,0.7018927229283365,0.8442176765151511,0.0,0.0
Cosmos3_seed103_0037,88,4.50406411613378,81.09957311229655,0.8442176765151511,0.4654976047990916,0.0,0.0
Cosmos3_seed103_0037,97,0.7454701114438859,52.98219768942538,0.6711539129362291,0.36923314292287424,0.0,0.0
Cosmos3_seed103_0037,102,0.6551218700999727,50.65451583999637,0.4200582056761465,0.30492272983451274,0.0,0.0
Cosmos3_seed103_0037,129,44.48017873814519,90.8839804247041,0.8904030993451899,1.9560227314980305,0.5447889817398646,24.232311282361295
Cosmos3_seed103_0037,143,13.497756710625849,74.97910248944534,1.9560227314980305,1.81850981081695,0.0,0.0
Cosmos3_seed103_0037,155,11.317133241417924,74.98372399926879,1.81850981081695,1.9298942570524367,0.05771531047799802,0.6531718587493076
Cosmos3_seed103_0037,158,15.119374405174518,86.5429034111648,0.9541588316492894,1.9298942570524367,0.5055900974043035,7.644205978204318
Cosmos3_seed101_0035,27,0.0014074755745124,3.797249076625201,0.8954741678048656,0.7298813770549464,0.0,0.0
Cosmos3_seed101_0035,63,0.0063078669136445,34.00582689418982,0.6000752916230249,1.1326273625472931,0.4701917758074924,0.0029659071456838338
Cosmos3_seed101_0035,93,0.0237691903793112,49.519807693836746,1.240515521789404,3.328445582191971,0.6272988423105137,0.014910385607600116
Cosmos3_seed101_0035,96,0.146188881756058,50.2841282843383,1.3863683726250253,5.313901441239072,0.7391053658116479,0.10804898692790697
Cosmos3_seed101_0035,105,0.1065259146169397,50.39621910018056,2.924099080031706,7.73241588739602,0.6218388764114406,0.06624195505409884
Cosmos3_seed101_0035,117,0.2742752841191843,51.26523817055803,7.73241588739602,7.620462050625219,0.0,0.0
Cosmos3_seed101_0035,129,0.0326192003297556,48.34785191382213,7.620462050625219,2.068977536759823,0.0,0.0
Cosmos3_seed101_0035,165,0.0175342151939908,45.25921318589472,1.2075439120464178,1.8111247221668263,0.3332629734070912,0.005843504691909171
Cosmos3_seed101_0035,177,0.0029796258685966,31.11402473360249,1.7502393886136387,1.40639066201132,0.0,0.0
Cosmos3_seed102_0018,12,0.0001083702523755,0.0062209253178706,0.5643024146862934,0.3599234396948489,0.0,0.0
Cosmos3_seed102_0018,64,8.439883216779778e-05,0.0216018774294064,0.3600752755023951,0.44680390655368085,0.0,0.0
Cosmos3_seed102_0018,95,0.0004765646649255,0.0277609563192685,0.611823795796133,0.7207485499596331,0.0,0.0
Cosmos3_seed102_0018,126,0.0014392973147393,1.4645272631664332,0.7498999027074135,0.6035133315166465,0.0,0.0
Cosmos3_seed102_0018,127,0.0019510945948299,2.3766885166895984,0.7498999027074135,0.6035133315166465,0.0,0.0
Cosmos3_seed102_0018,139,22.935133387070405,61.05086677904168,0.6035133315166465,0.4137592635919572,0.0,0.0
Cosmos3_seed102_0018,152,4.47980519183465,51.870945367315,0.4137592635919572,1.1088428113868254,0.6268548983291238,2.8081878280617905
Cosmos3_seed102_0018,161,3.1316632089254406,51.209057916852274,1.1088428113868254,7.343693546777497,0.8490074777325914,2.658805482117742
Cosmos3_seed102_0018,164,4.748247480496891,50.87098662115338,1.1088428113868254,9.838864824477678,0.887299720936486,4.2131186643822645
Cosmos3_seed102_0018,176,6.437742725950302,52.960299038373535,9.838864824477678,21.165609135021114,0.5351485156078942,3.4451484636578225
Cosmos3_seed102_0018,188,26.334513949546416,61.12560228930144,21.165609135021114,0.0,0.0,0.0
Cosmos3_seed102_0020,32,0.0242583066558534,49.74555196321855,0.4658017690759,0.46229033910239997,0.0,0.0
Cosmos3_seed102_0020,35,0.5847122208474782,50.40489357970485,0.4658017690759,0.46229033910239997,0.0,0.0
Cosmos3_seed102_0020,47,1.6154021134729093,52.34187333923214,0.46229033910239997,0.29302562447744995,0.0,0.0
Cosmos3_seed102_0020,59,29.01203427576712,61.13948602419201,0.29302562447744995,0.559098111409,0.0,0.0
Cosmos3_seed102_0020,65,66.06668033739192,88.83712027528311,0.559098111409,0.3950489415474,0.0,0.0
Cosmos3_seed102_0020,71,32.626288512406894,68.86938814885082,0.559098111409,1.8756242076760499,0.7019135767597402,22.900834866138748
Cosmos3_seed102_0020,83,19.53385800424592,63.43763489180404,0.9177146390250001,1.74855924215975,0.4751595388375427,9.281698961015534
Cosmos3_seed102_0020,95,33.933319662608085,68.88199619003582,1.6910517654538,15.93369803217445,0.8938694732359614,30.331958571962982
Cosmos3_seed102_0020,96,39.321129264050136,71.86847691523359,1.74855924215975,16.627743229773,0.8948408561524545,35.18615297552395
Cosmos3_seed102_0020,127,62.16085083165,95.09644584501596,24.0176827615988,10.87953345519995,0.0,0.0
Cosmos3_seed102_0020,163,59.53958881061793,96.99483159877116,7.81790625660185,12.80102448323025,0.38927495476291324,23.17727074085575
Cosmos3_seed103_0008,25,0.0097062357284267,1.4638962504951585,0.7039595101983,0.69033343934715,0.0,0.0
Cosmos3_seed103_0008,42,0.0006798759508218,0.3371069227080032,0.69033343934715,0.70702399720025,0.0,0.0
Cosmos3_seed103_0008,72,0.035139446854244,46.20990344215626,1.5102989515128,40.04438100280385,0.9622843726462633,0.033814140571272897
Cosmos3_seed103_0008,74,0.0480009820698962,42.63820178051608,1.5102989515128,49.146063915656,0.969269177810358,0.04652587242497803
Cosmos3_seed103_0008,86,58.96228401776607,83.98207856067859,48.12575216054885,78.15068826570474,0.38419285576953627,22.652888279480035
Cosmos3_seed103_0008,98,33.933319662608085,78.05663584710904,78.15068826570474,28.425148873896,0.0,0.0
Cosmos3_seed103_0008,110,28.471511855945785,59.09895547664041,28.52514869138885,16.67543437703525,0.0,0.0
Cosmos3_seed103_0008,122,1.7682038629078571,51.40668469682885,16.67543437703525,7.70263610620795,0.0,0.0
Cosmos3_seed103_0008,134,9.894444241883075,54.78082448140557,9.03843835919315,12.0967263477565,0.2528194736859986,2.5015081856483388
Cosmos3_seed103_0023,30,0.0006236277234298,0.0457007931578588,0.29749921144465724,0.4257679473298534,0.0,0.0
Cosmos3_seed103_0023,64,0.0014074755745124,18.90048669450684,0.33383305222576704,0.3345240315954547,0.0,0.0
Cosmos3_seed103_0023,95,0.009572061303823,16.00409182438039,0.3691127550259981,0.257697070830954,0.0,0.0
Cosmos3_seed103_0023,119,0.0829626125296451,46.246609805455904,0.2994094069435843,0.2801313957639266,0.0,0.0
Cosmos3_seed103_0023,126,0.0466091065051864,45.45946560290052,0.26735256193181783,0.42754257984115646,0.0,0.0
Cosmos3_seed103_0023,131,0.1626804794274624,50.04519668565549,0.2801313957639266,1.124766189571434,0.7509425528956697,0.12216369452755008
Cosmos3_seed103_0023,143,8.540654847719477,78.05663584710904,1.124766189571434,7.273971342315034,0.8453710996868647,7.220022780662567
Cosmos3_seed103_0023,155,0.6709860672777721,61.09623121639063,4.071227761839699,14.078656594215381,0.7108227099230136,0.4769521346629714
Cosmos3_seed103_0023,158,1.1917185457991055,59.06930009317557,7.273971342315034,14.078656594215381,0.48333342079643077,0.5759974013676297
Cosmos3_seed103_0023,167,0.1922584619526003,50.34928618068943,14.078656594215381,0.0,0.0,0.0
Cosmos3_seed103_0023,179,6.387987564791733,55.95750813550793,0.0,0.0,0.0,0.0
Cosmos2.5_0006,7,89.45901922372185,,1.470925293825616,0.8728163599459152,0.0,0.0
Cosmos2.5_0006,15,10.540980776278143,,1.5484874569542701,0.43713725049566365,0.0,0.0
Cosmos2.5_0006,19,17.650677281322146,,1.2558983273754958,0.43713725049566365,0.0,0.0
Cosmos2.5_0006,30,55.66626182213811,,0.43713725049566365,0.1465987612513603,0.0,0.0
Cosmos2.5_0006,42,24.89084369821776,,0.1465987612513603,0.11688237524628808,0.0,0.0
Cosmos2.5_0006,65,1.1917185457991055,,0.0,0.0,0.0,0.0
Cosmos2.5_0006,67,1.2001044586632748,,0.0,0.0,0.0,0.0
Cosmos2.5_0006,77,6.002596817952687,,0.0,0.0,0.0,0.0
Cosmos2.5_0006,91,22.935133387070405,,0.0,0.0,0.0,0.0
Cosmos2.5_0013,3,0.0107104829275384,,0.2712534106048464,0.8563733162798495,0.0,0.0
Cosmos2.5_0013,8,0.0082825836753807,,0.6847200717351015,0.8563733162798495,0.0,0.0
Cosmos2.5_0013,15,0.00649623725084,,0.8563733162798495,0.5501793071341683,0.0,0.0
Cosmos2.5_0013,21,2.301312792326499,,0.8563733162798495,0.5501793071341683,0.0,0.0
Cosmos2.5_0013,27,83.36461332737454,,0.5904218799136592,0.5716064133747027,0.0,0.0
Cosmos2.5_0013,30,5.060452046827049,,0.5501793071341683,0.5716064133747027,0.0,0.0
Cosmos2.5_0013,37,2.517788850975641,,0.5716064133747027,0.3315821188295106,0.0,0.0
Cosmos2.5_0013,39,0.3973747273619233,,0.5716064133747027,0.3315821188295106,0.0,0.0
Cosmos2.5_0013,76,7.582335675583208,,4.9517218131760865,35.947011562695174,0.8622494166298139,6.537864512963047
Cosmos2.5_0024,8,0.0011833986730196,,0.40590169396197534,0.274592793259253,0.0,0.0
Cosmos2.5_0024,15,0.0106350497949458,,0.40590169396197534,0.26404347463652855,0.0,0.0
Cosmos2.5_0024,20,0.0157816522475502,,0.274592793259253,0.47790077261287683,0.0,0.0
Cosmos2.5_0024,21,0.0225143814164043,,0.274592793259253,0.6917113930571825,0.0,0.0
Cosmos2.5_0024,27,0.0202640542964872,,0.26404347463652855,0.9729354616831205,0.0,0.0
Cosmos2.5_0024,32,1.7682038629078571,,0.44470211368989104,1.0312497339075302,0.5687735966681312,1.005707670748585
Cosmos2.5_0024,69,0.5677804254264894,,3.2172770647546365,1.5879216059434007,0.0,0.0
Cosmos2.5_0024,89,5.695239355912678,,0.9968025720561333,0.6003223159321736,0.0,0.0
Cosmos2.5_0028,4,0.0205481011270701,,0.5095032858824353,0.7876964282653666,0.0,0.0
Cosmos2.5_0028,16,0.0044145369208673,,0.7876964282653666,0.8072532299831936,0.0,0.0
Cosmos2.5_0028,28,0.0399951380972369,,0.8072532299831936,1.8758828624407613,0.5696675703232051,0.022783933144594003
Cosmos2.5_0028,47,2.215997357830742,,4.399352774947801,3.6990180643815367,0.0,0.0
Cosmos2.5_0028,48,8.465394091961922,,5.52499111109267,3.6990180643815367,0.0,0.0
Cosmos2.5_0028,68,4.058378477641017,,1.3814141568453882,0.4038441103229964,0.0,0.0
Cosmos2.5_0028,79,0.4521884485093702,,1.415338728922158,5.503394833109211,0.7428244253152114,0.33589662439815
Cosmos2.5_0028,81,0.2410232997752076,,0.4038441103229964,5.503394833109211,0.9266190919296917,0.2233367911716007
